date,candidate,user_count,committee_count,event_count
2016-09-27T00:28:03,Macron,82893,,
2016-10-27T00:41:53,Macron,90122,,
2016-11-21T00:11:16,Macron,108188,,
2016-11-25T22:22:17,Macron,112179,2393,1988
2016-11-25T22:29:39,Macron,112181,2393,1988
2016-11-25T22:30:15,Macron,112182,2393,1988
2016-11-26T00:05:04,Macron,112210,2393,1992
2016-11-26T00:05:06,Macron,112210,2393,1992
2016-11-26T01:00:07,Macron,112213,2393,1992
2016-11-26T02:00:05,Macron,112223,2393,1993
2016-11-26T03:00:06,Macron,112221,2393,1993
2016-11-26T04:00:06,Macron,112232,2393,1994
2016-11-26T05:00:05,Macron,112234,2393,1994
2016-11-26T06:00:06,Macron,112230,2393,1994
2016-11-26T07:00:06,Macron,112239,2393,1996
2016-11-26T08:00:06,Macron,112240,2393,1997
2016-11-26T09:00:06,Macron,112256,2393,2002
2016-11-26T10:00:06,Macron,112272,2393,2004
2016-11-26T11:00:06,Macron,112293,2393,2008
2016-11-26T12:00:06,Macron,112308,2393,2008
2016-11-26T13:00:06,Macron,112335,2394,2015
2016-11-26T14:00:05,Macron,112358,2393,2020
2016-11-26T15:00:06,Macron,112381,2392,2023
2016-11-26T16:00:07,Macron,112393,2392,2025
2016-11-26T17:00:07,Macron,112412,2393,203M
2016-11-26T18:00:06,Macron,112430,2473,2040
2016-11-26T19:00:06,Macron,112448,2473,2045
2016-11-26T20:00:06,Macron,112469,2487,2047
2016-11-26T21:00:05,Macron,112499,2487,2049
2016-11-26T22:00:06,Macron,112522,2487,2051
2016-11-26T23:00:05,Macron,112542,2487,2053
2016-11-27T00:00:05,Macron,112554,2487,2054
2016-11-27T01:00:06,Macron,112562,2486,2054
2016-11-27T02:00:06,Macron,112565,2486,2055
2016-11-27T03:00:06,Macron,112565,2486,2054
2016-11-27T04:00:06,Macron,112567,2486,2055
2016-11-27T05:00:06,Macron,112571,2486,2055
2016-11-27T06:00:06,Macron,112572,2486,2055
2016-11-27T07:00:06,Macron,112572,2486,2055
2016-11-27T08:00:06,Macron,112578,2486,2056
2016-11-27T09:00:06,Macron,112591,2486,2059
2016-11-27T10:00:07,Macron,112602,2486,2067
2016-11-27T11:00:08,Macron,112622,2486,2071
2016-11-27T12:00:06,Macron,112649,2486,2071
2016-11-27T13:00:06,Macron,112672,2486,2072
2016-11-27T14:00:06,Macron,112692,2486,2075
2016-11-27T15:00:21,Macron,112710,2486,2076
2016-11-27T16:00:08,Macron,112730,2486,2079
2016-11-27T17:00:06,Macron,112748,2486,2080
2016-11-27T18:00:16,Macron,112770,2486,2083
2016-11-27T19:00:06,Macron,112806,2486,2089
2016-11-27T20:00:06,Macron,112838,2486,2094
2016-11-27T21:00:07,Macron,112935,2486,2098
2016-11-27T22:00:06,Macron,113040,2486,2102
2016-11-27T23:00:06,Macron,113184,2486,2115
2016-11-28T00:00:06,Macron,113255,2486,2119
2016-11-28T01:00:06,Macron,113295,2486,2121
2016-11-28T02:00:05,Macron,113311,2486,2121
2016-11-28T03:00:06,Macron,113313,2486,2121
2016-11-28T04:00:06,Macron,113319,2486,2121
2016-11-28T05:00:06,Macron,113317,2486,2121
2016-11-28T06:00:05,Macron,113324,2486,2121
2016-11-28T07:00:07,Macron,113340,2486,2121
2016-11-28T08:00:05,Macron,113352,2486,2122
2016-11-28T09:00:06,Macron,113378,2486,2124
2016-11-28T10:00:06,Macron,113423,2486,2132
2016-11-28T11:00:06,Macron,113480,2486,2138
2016-11-28T12:00:06,Macron,113531,2485,2144
2016-11-28T13:00:06,Macron,113567,2499,2146
2016-11-28T14:00:07,Macron,113608,2499,2151
2016-11-28T15:00:06,Macron,113660,2499,2156
2016-11-28T16:00:06,Macron,113702,2499,2160
2016-11-28T17:00:06,Macron,113729,2499,2167
2016-11-28T18:00:07,Macron,113763,2499,2169
2016-11-28T20:00:06,Macron,113840,2494,2173
2016-11-28T21:00:06,Macron,113894,2494,2175
2016-11-28T22:00:07,Macron,113943,2494,2183
2016-11-28T23:00:06,Macron,113977,2493,2189
2016-11-29T00:00:06,Macron,114008,2493,2198
2016-11-29T01:00:06,Macron,114018,2493,2202
2016-11-29T02:00:06,Macron,114025,2493,2202
2016-11-29T03:00:06,Macron,114029,2493,2202
2016-11-29T04:00:06,Macron,114031,2493,2202
2016-11-29T05:00:06,Macron,114033,2493,2202
2016-11-29T06:00:06,Macron,114038,2493,2203
2016-11-29T07:00:07,Macron,114040,2493,2205
2016-11-29T08:00:05,Macron,114048,2493,2207
2016-11-29T09:00:06,Macron,114066,2493,2208
2016-11-29T10:00:06,Macron,114101,2505,2209
2016-11-29T11:00:06,Macron,114142,2505,2213
2016-11-29T12:00:06,Macron,114185,2505,2220
2016-11-29T13:00:06,Macron,114213,2505,2224
2016-11-29T14:00:07,Macron,114263,2505,2227
2016-11-29T15:00:06,Macron,114285,2505,2229
2016-11-29T16:00:06,Macron,114313,2501,2231
2016-11-29T17:00:05,Macron,114336,2502,2232
2016-11-29T18:00:06,Macron,114352,2501,2235
2016-11-29T19:00:06,Macron,114402,2501,2238
2016-11-29T20:00:07,Macron,114446,2501,2240
2016-11-29T21:00:06,Macron,114490,2501,2244
2016-11-29T22:00:08,Macron,114536,2501,2247
2016-11-29T23:00:06,Macron,114567,2501,2255
2016-11-30T00:00:05,Macron,114587,2501,2256
2016-11-30T01:00:06,Macron,114606,2501,2258
2016-11-30T02:00:05,Macron,114612,2501,2259
2016-11-30T03:00:06,Macron,114612,2501,2259
2016-11-30T04:00:06,Macron,114620,2501,2259
2016-11-30T05:00:06,Macron,114623,2501,2259
2016-11-30T06:00:06,Macron,114627,2501,2259
2016-11-30T07:00:06,Macron,114633,2501,2260
2016-11-30T08:00:07,Macron,114641,2501,2261
2016-11-30T09:00:06,Macron,114656,2501,2262
2016-11-30T10:00:06,Macron,114678,2501,2267
2016-11-30T11:00:06,Macron,114702,2500,2270
2016-11-30T12:00:06,Macron,114720,2498,2274
2016-11-30T13:00:06,Macron,114739,2498,2278
2016-11-30T14:00:06,Macron,114768,2498,2281
2016-11-30T15:00:06,Macron,114790,2498,2286
2016-11-30T16:00:06,Macron,114804,2497,2288
2016-11-30T17:00:07,Macron,114826,2501,2292
2016-11-30T18:00:06,Macron,114833,2501,2293
2016-11-30T19:00:06,Macron,114859,2502,2296
2016-11-30T20:00:06,Macron,114890,2502,2298
2016-11-30T21:00:07,Macron,114917,2502,2301
2016-11-30T22:00:06,Macron,114952,2502,2308
2016-11-30T23:00:06,Macron,114989,2502,2311
2016-12-01T00:00:06,Macron,115012,2502,2313
2016-12-01T01:00:06,Macron,115019,2502,2316
2016-12-01T02:00:06,Macron,115022,2502,2316
2016-12-01T03:00:06,Macron,115025,2502,2317
2016-12-01T04:00:06,Macron,115026,2502,2317
2016-12-01T05:00:06,Macron,115026,2502,2317
2016-12-01T06:00:06,Macron,115029,2502,2318
2016-12-01T07:00:05,Macron,115031,2502,2322
2016-12-01T08:00:06,Macron,115034,2502,2322
2016-12-01T09:00:06,Macron,115045,2502,2322
2016-12-01T10:00:06,Macron,115068,2502,2328
2016-12-01T11:00:06,Macron,115094,2502,2332
2016-12-01T12:00:06,Macron,115120,2501,2333
2016-12-01T13:00:06,Macron,115137,2501,2337
2016-12-01T14:00:06,Macron,115158,2501,2342
2016-12-01T15:00:06,Macron,115180,2506,2343
2016-12-01T16:00:08,Macron,115203,2527,2345
2016-12-01T17:00:07,Macron,115223,2527,2348
2016-12-01T18:00:06,Macron,115251,2527,2351
2016-12-01T19:00:06,Macron,115269,2528,2362
2016-12-01T20:00:06,Macron,115291,2528,2365
2016-12-01T21:00:06,Macron,115335,2528,2367
2016-12-01T22:00:06,Macron,115362,2528,2368
2016-12-01T23:00:06,Macron,115366,2528,2370
2016-12-02T00:00:06,Macron,115370,2528,2373
2016-12-02T01:00:06,Macron,115372,2528,2374
2016-12-02T02:00:06,Macron,115373,2528,2375
2016-12-02T03:00:06,Macron,115373,2528,2375
2016-12-02T04:00:06,Macron,115376,2528,2375
2016-12-02T05:00:06,Macron,115376,2528,2375
2016-12-02T06:00:06,Macron,115378,2528,2376
2016-12-02T07:00:06,Macron,115378,2528,2376
2016-12-02T08:00:06,Macron,115379,2528,2378
2016-12-02T09:00:06,Macron,115385,2528,2381
2016-12-02T10:00:06,Macron,115385,2528,2384
2016-12-02T11:00:06,Macron,115398,2529,2389
2016-12-02T12:00:07,Macron,115417,2529,2394
2016-12-02T13:00:06,Macron,115428,2529,2398
2016-12-02T14:00:06,Macron,115447,2529,2401
2016-12-02T15:00:06,Macron,115470,2529,2404
2016-12-02T16:00:06,Macron,115481,2556,2405
2016-12-02T17:00:06,Macron,115500,2556,2408
2016-12-02T18:00:06,Macron,115531,2556,2409
2016-12-02T19:00:07,Macron,115563,2555,2412
2016-12-02T20:00:06,Macron,115596,2555,2415
2016-12-02T21:00:06,Macron,115621,2555,2417
2016-12-02T22:00:07,Macron,115646,2614,2419
2016-12-02T23:00:06,Macron,115664,2614,2420
2016-12-03T00:00:07,Macron,115687,2614,2423
2016-12-03T01:00:06,Macron,115695,2614,2423
2016-12-03T02:00:06,Macron,115695,2614,2423
2016-12-03T03:00:06,Macron,115702,2614,2423
2016-12-03T04:00:06,Macron,115703,2614,2423
2016-12-03T05:00:05,Macron,115705,2614,2423
2016-12-03T06:00:06,Macron,115707,2614,2423
2016-12-03T07:00:05,Macron,115710,2614,2423
2016-12-03T08:00:06,Macron,115713,2614,2423
2016-12-03T09:00:06,Macron,115729,2614,2423
2016-12-03T10:00:06,Macron,115755,2614,2424
2016-12-03T11:00:06,Macron,115786,2614,2426
2016-12-03T12:00:11,Macron,115812,2614,2426
2016-12-03T13:00:07,Macron,115838,2614,2427
2016-12-03T14:00:08,Macron,115866,2614,2430
2016-12-03T15:00:06,Macron,115896,2614,2431
2016-12-03T16:00:06,Macron,115920,2614,2432
2016-12-03T17:00:06,Macron,115944,2614,2434
2016-12-03T18:00:07,Macron,115975,2614,2437
2016-12-03T19:00:06,Macron,116021,2615,2442
2016-12-03T20:00:06,Macron,116048,2615,2447
2016-12-03T21:00:06,Macron,116079,2615,2447
2016-12-03T22:00:06,Macron,116101,2615,2448
2016-12-03T23:00:06,Macron,116125,2615,2449
2016-12-04T00:00:06,Macron,116131,2615,2449
2016-12-04T01:00:05,Macron,116145,2615,2450
2016-12-04T02:00:05,Macron,116148,2615,2450
2016-12-04T03:00:06,Macron,116152,2615,2450
2016-12-04T04:00:06,Macron,116149,2615,2450
2016-12-04T05:00:06,Macron,116149,2615,2450
2016-12-04T06:00:06,Macron,116160,2615,2450
2016-12-04T07:00:06,Macron,116161,2615,2450
2016-12-04T08:00:06,Macron,116166,2615,2450
2016-12-04T09:00:06,Macron,116184,2615,2452
2016-12-04T10:00:06,Macron,116215,2615,2453
2016-12-04T11:00:06,Macron,116257,2615,2460
2016-12-04T12:00:07,Macron,116278,2615,2464
2016-12-04T13:00:06,Macron,116313,2615,2467
2016-12-04T14:00:07,Macron,116338,2615,2468
2016-12-04T15:00:08,Macron,116371,2615,2468
2016-12-04T16:00:06,Macron,116394,2615,2471
2016-12-04T17:00:07,Macron,116415,2615,2473
2016-12-04T18:00:05,Macron,116434,2615,2474
2016-12-04T19:00:07,Macron,116487,2615,2481
2016-12-04T20:00:08,Macron,116525,2615,2485
2016-12-04T21:00:07,Macron,116572,2615,2487
2016-12-04T22:00:06,Macron,116595,2615,2491
2016-12-04T23:00:07,Macron,116618,2615,2496
2016-12-05T00:00:06,Macron,116643,2615,2497
2016-12-05T01:00:06,Macron,116654,2615,2503
2016-12-05T02:00:06,Macron,116658,2615,2503
2016-12-05T03:00:06,Macron,116663,2615,2503
2016-12-05T04:00:06,Macron,116664,2615,2503
2016-12-05T05:00:06,Macron,116664,2615,2503
2016-12-05T06:00:06,Macron,116667,2615,2503
2016-12-05T07:00:06,Macron,116666,2615,2503
2016-12-05T08:00:06,Macron,116674,2615,2503
2016-12-05T09:00:06,Macron,116692,2615,2505
2016-12-05T10:00:07,Macron,116714,2615,2508
2016-12-05T11:00:07,Macron,116744,2615,2509
2016-12-05T12:00:06,Macron,116774,2615,2512
2016-12-05T13:00:06,Macron,116798,2615,2516
2016-12-05T14:00:06,Macron,116819,2615,2517
2016-12-05T15:00:06,Macron,116843,2615,2520
2016-12-05T16:00:08,Macron,116865,2613,2524
2016-12-05T17:00:06,Macron,116887,2613,2525
2016-12-05T18:00:06,Macron,116910,2613,2529
2016-12-05T19:00:06,Macron,116934,2613,2531
2016-12-05T20:00:06,Macron,116955,2607,2533
2016-12-05T21:00:06,Macron,116980,2607,2539
2016-12-05T22:00:09,Macron,116995,2607,2541
2016-12-05T23:00:06,Macron,117012,2607,2544
2016-12-06T00:00:05,Macron,117030,2607,2550
2016-12-06T01:00:06,Macron,117035,2607,2553
2016-12-06T02:00:06,Macron,117044,2607,2553
2016-12-06T03:00:06,Macron,117059,2607,2554
2016-12-06T04:00:06,Macron,117061,2607,2554
2016-12-06T05:00:06,Macron,117066,2607,2554
2016-12-06T06:00:05,Macron,117065,2607,2554
2016-12-06T07:00:06,Macron,117072,2607,2555
2016-12-06T08:00:06,Macron,117083,2607,2557
2016-12-06T09:00:06,Macron,117095,2607,2557
2016-12-06T10:00:06,Macron,117115,2606,2558
2016-12-06T11:00:06,Macron,117130,2607,2566
2016-12-06T12:00:06,Macron,117152,2605,2570
2016-12-06T13:00:07,Macron,117174,2603,2572
2016-12-06T14:00:06,Macron,117186,2603,2573
2016-12-06T15:00:07,Macron,117211,2599,2583
2016-12-06T16:00:06,Macron,117231,2599,2584
2016-12-06T17:00:06,Macron,117249,2599,2589
2016-12-06T18:00:06,Macron,117269,2614,2589
2016-12-06T19:00:06,Macron,117292,2645,2592
2016-12-06T20:00:06,Macron,117313,2645,2596
2016-12-06T21:00:07,Macron,117338,2645,2607
2016-12-06T22:00:06,Macron,117361,2645,2609
2016-12-06T23:00:06,Macron,117377,2645,2612
2016-12-07T00:00:06,Macron,117392,2645,2614
2016-12-07T01:00:05,Macron,117402,2645,2614
2016-12-07T02:00:06,Macron,117407,2645,2614
2016-12-07T03:00:06,Macron,117414,2645,2614
2016-12-07T04:00:06,Macron,117414,2645,2614
2016-12-07T05:00:06,Macron,117418,2645,2614
2016-12-07T06:00:06,Macron,117419,2645,2614
2016-12-07T07:00:06,Macron,117421,2645,2614
2016-12-07T08:00:06,Macron,117425,2645,2614
2016-12-07T09:00:07,Macron,117443,2645,2615
2016-12-07T10:00:06,Macron,117452,2643,2619
2016-12-07T11:00:06,Macron,117466,2647,2620
2016-12-07T12:00:07,Macron,117488,2646,2621
2016-12-07T13:00:06,Macron,117510,2646,2622
2016-12-07T14:00:06,Macron,117518,2646,2626
2016-12-07T15:00:08,Macron,117535,2646,2627
2016-12-07T16:00:06,Macron,117548,2646,2628
2016-12-07T17:00:06,Macron,117571,2647,2630
2016-12-07T18:00:07,Macron,117588,2648,2634
2016-12-07T19:00:07,Macron,117612,2645,2644
2016-12-07T20:00:07,Macron,117635,2645,2653
2016-12-07T21:00:07,Macron,117659,2645,2655
2016-12-07T22:00:07,Macron,117685,2645,2660
2016-12-07T23:00:06,Macron,117703,2645,2663
2016-12-08T00:00:06,Macron,117721,2645,2669
2016-12-08T01:00:06,Macron,117732,2645,2673
2016-12-08T02:00:06,Macron,117736,2645,2675
2016-12-08T03:00:06,Macron,117736,2645,2675
2016-12-08T04:00:06,Macron,117736,2645,2675
2016-12-08T05:00:06,Macron,117738,2645,2675
2016-12-08T06:00:06,Macron,117738,2645,2675
2016-12-08T07:00:06,Macron,117738,2645,2675
2016-12-08T08:00:06,Macron,117745,2645,2678
2016-12-08T09:00:06,Macron,117794,2645,2691
2016-12-08T10:00:06,Macron,117938,2645,2694
2016-12-08T11:00:06,Macron,118024,2645,2700
2016-12-08T12:00:07,Macron,118075,2643,2704
2016-12-08T13:00:06,Macron,118131,2642,2708
2016-12-08T14:00:06,Macron,118182,2642,2716
2016-12-08T15:00:07,Macron,118233,2642,2723
2016-12-08T16:00:06,Macron,118271,2642,2726
2016-12-08T17:00:06,Macron,118311,2642,2728
2016-12-08T18:00:07,Macron,118365,2642,2733
2016-12-08T19:00:06,Macron,118403,2644,2740
2016-12-08T20:00:07,Macron,118432,2650,2744
2016-12-08T21:00:06,Macron,118458,2663,2746
2016-12-08T22:00:07,Macron,118481,2664,2747
2016-12-08T23:00:06,Macron,118522,2664,2756
2016-12-09T00:00:06,Macron,118535,2664,2758
2016-12-09T01:00:06,Macron,118545,2664,2759
2016-12-09T02:00:06,Macron,118548,2664,2761
2016-12-09T03:00:06,Macron,118554,2664,2761
2016-12-09T04:00:06,Macron,118555,2664,2761
2016-12-09T05:00:07,Macron,118558,2664,2761
2016-12-09T06:00:06,Macron,118560,2664,2761
2016-12-09T07:00:06,Macron,118563,2664,2761
2016-12-09T08:00:06,Macron,118576,2664,2761
2016-12-09T09:00:06,Macron,118595,2664,2763
2016-12-09T10:00:07,Macron,118624,2664,2766
2016-12-09T11:00:06,Macron,118655,2665,2773
2016-12-09T12:00:06,Macron,118690,2665,2777
2016-12-09T13:00:05,Macron,118720,2665,2779
2016-12-09T14:00:06,Macron,118750,2662,2779
2016-12-09T15:00:06,Macron,118762,2662,2779
2016-12-09T16:00:07,Macron,118782,2663,2781
2016-12-09T17:00:06,Macron,118807,2663,2781
2016-12-09T18:00:06,Macron,118832,2662,2788
2016-12-09T19:00:06,Macron,118851,2662,2793
2016-12-09T20:00:05,Macron,118877,2662,2796
2016-12-09T21:00:06,Macron,118893,2662,2799
2016-12-09T22:00:07,Macron,118908,2662,2801
2016-12-09T23:00:09,Macron,118939,2662,2801
2016-12-10T00:00:06,Macron,118970,2663,2802
2016-12-10T01:00:06,Macron,118981,2663,2803
2016-12-10T02:00:06,Macron,118987,2663,2803
2016-12-10T03:00:06,Macron,118991,2663,2803
2016-12-10T04:00:06,Macron,118992,2663,2803
2016-12-10T05:00:06,Macron,118992,2663,2803
2016-12-10T06:00:06,Macron,118992,2663,2803
2016-12-10T07:00:06,Macron,118994,2663,2803
2016-12-10T08:00:06,Macron,119004,2663,2806
2016-12-10T09:00:08,Macron,119039,2663,2809
2016-12-10T10:00:06,Macron,119091,2663,2813
2016-12-10T11:00:07,Macron,119154,2663,2816
2016-12-10T12:00:07,Macron,119201,2663,2818
2016-12-10T13:00:06,Macron,119255,2663,2818
2016-12-10T14:00:07,Macron,119302,2663,2818
2016-12-10T15:00:06,Macron,119336,2663,2818
2016-12-10T16:00:06,Macron,119390,2663,2819
2016-12-10T17:00:06,Macron,119462,2663,2820
2016-12-10T18:00:06,Macron,119615,2663,2821
2016-12-10T19:00:08,Macron,119928,2663,2821
2016-12-10T20:00:06,Macron,120053,2663,2821
2016-12-10T21:00:10,Macron,120203,2663,2821
2016-12-10T22:00:07,Macron,120285,2663,2822
2016-12-10T23:00:06,Macron,120361,2663,2823
2016-12-11T00:00:07,Macron,120429,2663,2827
2016-12-11T01:00:06,Macron,120477,2663,2827
2016-12-11T02:00:05,Macron,120500,2663,2827
2016-12-11T03:00:06,Macron,120512,2663,2827
2016-12-11T04:00:06,Macron,120526,2663,2827
2016-12-11T05:00:06,Macron,120535,2663,2827
2016-12-11T06:00:06,Macron,120559,2663,2827
2016-12-11T07:00:06,Macron,120580,2663,2827
2016-12-11T08:00:06,Macron,120624,2663,2827
2016-12-11T09:00:06,Macron,120701,2663,2829
2016-12-11T10:00:07,Macron,120808,2663,2835
2016-12-11T11:00:10,Macron,120965,2663,2838
2016-12-11T12:00:05,Macron,121100,2663,2840
2016-12-11T13:00:06,Macron,121229,2663,2842
2016-12-11T14:00:07,Macron,121318,2663,2846
2016-12-11T15:00:06,Macron,121418,2663,2849
2016-12-11T16:00:08,Macron,121507,2663,2850
2016-12-11T17:00:06,Macron,121571,2663,2853
2016-12-11T18:00:06,Macron,121655,2663,2857
2016-12-11T19:00:09,Macron,121804,2663,2863
2016-12-11T21:00:07,Macron,122232,2663,2869
2016-12-11T22:00:07,Macron,122335,2663,2874
2016-12-11T23:00:06,Macron,122436,2663,2883
2016-12-12T00:00:07,Macron,122508,2663,2892
2016-12-12T01:00:06,Macron,122538,2663,2895
2016-12-12T02:00:06,Macron,122554,2663,2895
2016-12-12T03:00:06,Macron,122564,2663,2895
2016-12-12T04:00:06,Macron,122574,2663,2896
2016-12-12T05:00:06,Macron,122582,2663,2896
2016-12-12T06:00:06,Macron,122586,2663,2896
2016-12-12T07:00:06,Macron,122595,2663,2898
2016-12-12T08:00:07,Macron,122617,2663,2900
2016-12-12T09:00:06,Macron,122656,2663,2904
2016-12-12T10:00:06,Macron,122710,2665,2906
2016-12-12T11:00:07,Macron,122779,2665,2916
2016-12-12T12:00:07,Macron,122852,2666,2917
2016-12-12T13:00:06,Macron,122916,2667,2922
2016-12-12T14:00:06,Macron,122977,2666,2926
2016-12-12T15:00:06,Macron,123049,2664,2930
2016-12-12T16:00:06,Macron,123106,2665,2932
2016-12-12T17:00:06,Macron,123164,2665,2933
2016-12-12T18:00:06,Macron,123210,2665,2935
2016-12-12T19:00:06,Macron,123279,2665,2940
2016-12-12T20:00:06,Macron,123380,2666,2947
2016-12-12T21:00:06,Macron,123447,2666,2952
2016-12-12T22:00:07,Macron,123539,2717,2957
2016-12-12T23:00:06,Macron,123615,2717,2963
2016-12-13T00:00:06,Macron,123666,2717,2966
2016-12-13T01:00:06,Macron,123684,2717,2966
2016-12-13T02:00:06,Macron,123693,2717,2968
2016-12-13T03:00:07,Macron,123695,2717,2968
2016-12-13T04:00:06,Macron,123703,2717,2969
2016-12-13T05:00:06,Macron,123703,2717,2969
2016-12-13T06:00:06,Macron,123708,2717,2969
2016-12-13T07:00:06,Macron,123715,2717,2970
2016-12-13T08:00:06,Macron,123727,2717,2970
2016-12-13T09:00:06,Macron,123752,2717,2971
2016-12-13T10:00:05,Macron,123786,2717,2974
2016-12-13T11:00:04,Macron,123822,2717,2976
2016-12-13T12:00:04,Macron,123851,2717,2982
2016-12-13T13:00:05,Macron,123900,2718,2986
2016-12-13T14:00:05,Macron,123942,2719,2991
2016-12-13T15:00:05,Macron,123972,2719,2992
2016-12-13T16:00:05,Macron,123995,2794,2994
2016-12-13T17:00:04,Macron,124036,2816,2998
2016-12-13T18:00:04,Macron,124057,2899,3003
2016-12-13T19:00:06,Macron,124154,2899,3010
2016-12-13T20:00:04,Macron,124220,2896,3014
2016-12-13T21:00:05,Macron,124256,2896,3016
2016-12-13T22:00:05,Macron,124295,2896,3020
2016-12-13T23:00:05,Macron,124333,2896,3026
2016-12-14T00:00:05,Macron,124393,2896,3028
2016-12-14T01:00:05,Macron,124412,2896,3030
2016-12-14T02:00:04,Macron,124419,2896,3031
2016-12-14T03:00:04,Macron,124426,2896,3031
2016-12-14T04:00:04,Macron,124429,2896,3031
2016-12-14T05:00:05,Macron,124432,2896,3031
2016-12-14T06:00:05,Macron,124440,2896,3031
2016-12-14T07:00:04,Macron,124455,2896,3032
2016-12-14T08:00:05,Macron,124461,2896,3033
2016-12-14T09:00:05,Macron,124479,2896,3034
2016-12-14T10:00:04,Macron,124511,2896,3038
2016-12-14T11:00:05,Macron,124537,2896,3040
2016-12-14T12:00:05,Macron,124564,2897,3044
2016-12-14T13:00:05,Macron,124607,2896,3049
2016-12-14T14:00:04,Macron,124631,2896,3052
2016-12-14T15:00:04,Macron,124675,2896,3057
2016-12-14T16:00:05,Macron,124711,2896,3061
2016-12-14T17:00:06,Macron,124740,2895,3064
2016-12-14T18:00:05,Macron,124772,2895,3078
2016-12-14T19:00:05,Macron,124795,2894,3082
2016-12-14T20:00:04,Macron,124824,2895,3085
2016-12-14T21:00:05,Macron,124860,2895,3093
2016-12-14T22:00:05,Macron,124894,2895,3099
2016-12-14T23:00:04,Macron,124920,2895,3101
2016-12-15T00:00:05,Macron,124943,2895,3107
2016-12-15T01:00:05,Macron,124951,2895,3108
2016-12-15T02:00:04,Macron,124954,2895,3108
2016-12-15T03:00:05,Macron,124955,2895,3108
2016-12-15T04:00:05,Macron,124958,2895,3109
2016-12-15T05:00:05,Macron,124963,2895,3109
2016-12-15T06:00:05,Macron,124963,2895,3109
2016-12-15T07:00:04,Macron,124965,2895,3109
2016-12-15T08:00:05,Macron,124970,2895,3110
2016-12-15T09:00:04,Macron,124984,2895,3116
2016-12-15T10:00:06,Macron,125005,2895,3116
2016-12-15T11:00:05,Macron,125023,2895,3119
2016-12-15T12:00:05,Macron,125046,2893,3126
2016-12-15T13:00:05,Macron,125067,2892,3130
2016-12-15T14:00:05,Macron,125102,2892,3137
2016-12-15T15:00:04,Macron,125117,2892,3137
2016-12-15T16:00:05,Macron,125136,2986,3141
2016-12-15T17:00:04,Macron,125145,3009,3145
2016-12-15T18:00:06,Macron,125174,3009,3149
2016-12-15T19:00:05,Macron,125181,3009,3149
2016-12-15T20:00:05,Macron,125184,3009,3150
2016-12-15T21:00:04,Macron,125188,3009,3156
2016-12-15T22:00:05,Macron,125191,3009,3158
2016-12-15T23:00:05,Macron,125200,3009,3163
2016-12-16T00:00:06,Macron,125205,3009,3171
2016-12-16T01:00:05,Macron,125205,3009,3171
2016-12-16T02:00:04,Macron,125205,3009,3171
2016-12-16T03:00:04,Macron,125205,3009,3171
2016-12-16T04:00:05,Macron,125205,3009,3171
2016-12-16T05:00:05,Macron,125205,3009,3171
2016-12-16T06:00:04,Macron,125205,3009,3171
2016-12-16T07:00:04,Macron,125205,3009,3171
2016-12-16T08:00:04,Macron,125208,3009,3175
2016-12-16T09:00:06,Macron,125211,3009,3177
2016-12-16T10:00:05,Macron,125214,3009,3180
2016-12-16T11:00:05,Macron,125215,3009,3189
2016-12-16T12:00:05,Macron,125218,3008,3199
2016-12-16T13:00:05,Macron,125221,3008,3200
2016-12-16T14:00:05,Macron,125222,3007,3200
2016-12-16T15:00:06,Macron,125226,3007,3202
2016-12-16T16:00:06,Macron,125233,3007,3206
2016-12-16T17:00:05,Macron,125237,3007,3206
2016-12-16T18:00:05,Macron,125241,3007,3206
2016-12-16T19:00:04,Macron,125248,3006,3210
2016-12-16T20:00:05,Macron,125249,3006,3214
2016-12-16T21:00:05,Macron,125258,3006,3217
2016-12-16T22:00:05,Macron,125262,3006,3223
2016-12-16T23:00:05,Macron,125264,3006,3226
2016-12-17T00:00:05,Macron,125264,3006,3227
2016-12-17T01:00:05,Macron,125266,3006,3231
2016-12-17T02:00:06,Macron,125271,3006,3228
2016-12-17T03:00:04,Macron,125270,3006,3228
2016-12-17T04:00:04,Macron,125270,3006,3228
2016-12-17T05:00:05,Macron,125270,3006,3228
2016-12-17T06:00:04,Macron,125270,3006,3228
2016-12-17T07:00:04,Macron,125272,3006,3229
2016-12-17T08:00:04,Macron,125272,3006,3229
2016-12-17T09:00:05,Macron,125274,3006,3229
2016-12-17T10:00:05,Macron,125278,3006,3232
2016-12-17T11:00:04,Macron,125283,3006,3238
2016-12-17T12:00:05,Macron,125288,3006,3243
2016-12-17T13:00:05,Macron,125301,3006,3247
2016-12-17T14:00:04,Macron,125315,3006,3248
2016-12-17T15:00:05,Macron,125338,3006,3249
2016-12-17T16:00:05,Macron,125358,3002,3254
2016-12-17T17:00:05,Macron,125379,3000,3256
2016-12-17T18:00:05,Macron,125395,3001,3258
2016-12-17T19:00:05,Macron,125418,2997,3265
2016-12-17T20:00:05,Macron,125432,2997,3265
2016-12-17T21:00:04,Macron,125451,2997,3269
2016-12-17T22:00:04,Macron,125463,2997,3269
2016-12-17T23:00:04,Macron,125477,2997,3269
2016-12-18T00:00:05,Macron,125494,2997,3269
2016-12-18T01:00:05,Macron,125504,2997,3270
2016-12-18T02:00:04,Macron,125509,2997,3270
2016-12-18T03:00:04,Macron,125512,2997,3270
2016-12-18T04:00:05,Macron,125512,2997,3270
2016-12-18T05:00:04,Macron,125517,2997,3271
2016-12-18T06:00:04,Macron,125519,2997,3271
2016-12-18T07:00:05,Macron,125518,2997,3271
2016-12-18T08:00:06,Macron,125524,2997,3271
2016-12-18T09:00:06,Macron,125532,2997,3273
2016-12-18T10:00:04,Macron,125550,2997,3272
2016-12-18T11:00:05,Macron,125560,2997,3275
2016-12-18T12:00:04,Macron,125583,2997,3279
2016-12-18T13:00:04,Macron,125607,2997,3281
2016-12-18T14:00:05,Macron,125619,2997,3281
2016-12-18T15:00:04,Macron,125637,2996,3281
2016-12-18T16:00:05,Macron,125654,2996,3282
2016-12-18T17:00:05,Macron,125669,2996,3287
2016-12-18T18:00:05,Macron,125689,2996,3286
2016-12-18T19:00:06,Macron,125711,2996,3290
2016-12-18T20:00:05,Macron,125743,2996,3296
2016-12-18T21:00:05,Macron,125769,2996,3301
2016-12-18T22:00:04,Macron,125795,2996,3302
2016-12-18T23:00:05,Macron,125810,2996,3306
2016-12-19T00:00:05,Macron,125820,2996,3311
2016-12-19T01:00:04,Macron,125827,2996,3312
2016-12-19T02:00:04,Macron,125832,2996,3312
2016-12-19T03:00:04,Macron,125835,2996,3312
2016-12-19T04:00:04,Macron,125839,2996,3312
2016-12-19T05:00:04,Macron,125840,2996,3312
2016-12-19T06:00:05,Macron,125841,2996,3312
2016-12-19T07:00:04,Macron,125843,2996,3313
2016-12-19T08:00:05,Macron,125850,2996,3313
2016-12-19T09:00:06,Macron,125854,2996,3313
2016-12-19T10:00:05,Macron,125871,2996,3314
2016-12-19T11:00:04,Macron,125879,2996,3316
2016-12-19T12:00:05,Macron,125883,2996,3317
2016-12-19T13:00:05,Macron,125888,2997,3321
2016-12-19T14:00:05,Macron,125890,2996,3319
2016-12-19T15:00:06,Macron,125893,2994,3323
2016-12-19T16:00:04,Macron,125906,2994,3327
2016-12-19T17:00:05,Macron,125920,2992,3331
2016-12-19T18:00:05,Macron,125940,2992,3331
2016-12-19T19:00:05,Macron,125964,2991,3332
2016-12-19T20:00:04,Macron,125990,2991,3337
2016-12-19T21:00:05,Macron,126020,2991,3342
2016-12-19T22:00:04,Macron,126043,2991,3346
2016-12-19T23:00:04,Macron,126070,2991,3349
2016-12-20T00:00:04,Macron,126086,2991,3351
2016-12-20T01:00:05,Macron,126094,2991,3351
2016-12-20T02:00:05,Macron,126097,2991,3351
2016-12-20T03:00:04,Macron,126094,2991,3351
2016-12-20T04:00:05,Macron,126101,2991,3351
2016-12-20T05:00:05,Macron,126102,2991,3351
2016-12-20T06:00:04,Macron,126102,2991,3351
2016-12-20T07:00:05,Macron,126103,2991,3351
2016-12-20T08:00:06,Macron,126106,2991,3351
2016-12-20T09:00:04,Macron,126121,2991,3351
2016-12-20T10:00:05,Macron,126133,2991,3352
2016-12-20T11:00:04,Macron,126159,2991,3354
2016-12-20T12:00:05,Macron,126174,2990,3352
2016-12-20T13:00:04,Macron,126181,2990,3353
2016-12-20T14:00:06,Macron,126186,2990,3355
2016-12-20T15:00:04,Macron,126199,2990,3358
2016-12-20T16:00:05,Macron,126215,2990,3359
2016-12-20T17:00:05,Macron,126233,2991,3364
2016-12-20T18:00:05,Macron,126254,2991,3364
2016-12-20T19:00:05,Macron,126271,2991,3368
2016-12-20T20:00:05,Macron,126282,2991,3370
2016-12-20T21:00:04,Macron,126301,2991,3371
2016-12-20T22:00:04,Macron,126328,2991,3371
2016-12-20T23:00:04,Macron,126358,2991,3374
2016-12-21T00:00:04,Macron,126374,2991,3377
2016-12-21T01:00:05,Macron,126385,2991,3378
2016-12-21T02:00:04,Macron,126389,2991,3378
2016-12-21T03:00:04,Macron,126393,2991,3378
2016-12-21T04:00:04,Macron,126396,2991,3378
2016-12-21T05:00:05,Macron,126398,2991,3378
2016-12-21T06:00:04,Macron,126402,2991,3378
2016-12-21T07:00:05,Macron,126404,2991,3378
2016-12-21T08:00:04,Macron,126409,2991,3377
2016-12-21T09:00:05,Macron,126418,2991,3379
2016-12-21T10:00:04,Macron,126440,2991,3382
2016-12-21T11:00:04,Macron,126457,2991,3383
2016-12-21T12:00:05,Macron,126482,2992,3385
2016-12-21T13:00:04,Macron,126506,2993,3385
2016-12-21T14:00:04,Macron,126534,2993,3388
2016-12-21T15:00:05,Macron,126554,2991,3388
2016-12-21T16:00:04,Macron,126576,2991,3391
2016-12-21T17:00:05,Macron,126589,2991,3391
2016-12-21T18:00:04,Macron,126622,2991,3395
2016-12-21T19:00:05,Macron,126665,2985,3400
2016-12-21T20:00:04,Macron,126697,2981,3403
2016-12-21T21:00:04,Macron,126729,2981,3407
2016-12-21T22:00:04,Macron,126751,2981,3409
2016-12-21T23:00:05,Macron,126770,2981,3413
2016-12-22T00:00:05,Macron,126789,2981,3416
2016-12-22T01:00:05,Macron,126804,2981,3416
2016-12-22T02:00:05,Macron,126806,2981,3416
2016-12-22T03:00:04,Macron,126806,2981,3416
2016-12-22T04:00:05,Macron,126810,2981,3416
2016-12-22T05:00:04,Macron,126811,2981,3416
2016-12-22T06:00:04,Macron,126813,2981,3416
2016-12-22T07:00:04,Macron,126818,2981,3416
2016-12-22T08:00:06,Macron,126835,2981,3416
2016-12-22T09:00:05,Macron,126853,2981,3416
2016-12-22T10:00:04,Macron,126881,2981,3418
2016-12-22T11:00:05,Macron,126913,2982,3423
2016-12-24T13:00:01,Macron,127797,2982,3490
2016-12-24T14:00:02,Macron,127815,2982,3490
2016-12-24T15:00:01,Macron,127834,2982,3491
2016-12-24T16:00:02,Macron,127850,2982,3491
2016-12-24T17:00:01,Macron,127864,2982,3491
2016-12-24T18:00:01,Macron,127877,2982,3492
2016-12-24T19:00:01,Macron,127896,2982,3492
2016-12-24T20:00:01,Macron,127911,2982,3493
2016-12-24T21:00:02,Macron,127920,2982,3493
2016-12-24T22:00:01,Macron,127925,2982,3493
2016-12-24T23:00:02,Macron,127934,2982,3493
2016-12-25T00:00:01,Macron,127941,2982,3493
2016-12-25T01:00:02,Macron,127949,2982,3493
2016-12-25T02:00:01,Macron,127954,2982,3493
2016-12-25T03:00:02,Macron,127955,2982,3493
2016-12-25T04:00:01,Macron,127956,2982,3493
2016-12-25T05:00:02,Macron,127960,2982,3493
2016-12-25T06:00:01,Macron,127960,2982,3493
2016-12-25T07:00:01,Macron,127961,2982,3493
2016-12-25T08:00:02,Macron,127962,2982,3493
2016-12-25T09:00:01,Macron,127970,2982,3493
2016-12-25T10:00:02,Macron,127983,2982,3493
2016-12-25T11:00:01,Macron,127989,2982,3493
2016-12-25T12:00:02,Macron,128003,2982,3494
2016-12-25T13:00:01,Macron,128013,2982,3494
2016-12-25T14:00:02,Macron,128029,2982,3494
2016-12-25T15:00:01,Macron,128030,2982,3494
2016-12-25T16:00:01,Macron,128039,2982,3494
2016-12-25T17:00:02,Macron,128050,2982,3494
2016-12-25T18:00:01,Macron,128067,2982,3495
2016-12-25T19:00:01,Macron,128086,2982,3496
2016-12-25T20:00:01,Macron,128108,2982,3496
2016-12-25T21:00:02,Macron,128125,2982,3496
2016-12-25T22:00:01,Macron,128139,2982,3495
2016-12-25T23:00:02,Macron,128146,2982,3495
2016-12-26T00:00:01,Macron,128151,2982,3496
2016-12-26T01:00:01,Macron,128155,2982,3497
2016-12-26T02:00:01,Macron,128157,2982,3498
2016-12-26T03:00:02,Macron,128157,2982,3498
2016-12-26T04:00:01,Macron,128158,2982,3498
2016-12-26T05:00:02,Macron,128158,2982,3498
2016-12-26T06:00:01,Macron,128160,2982,3498
2016-12-26T07:00:01,Macron,128163,2982,3498
2016-12-26T08:00:01,Macron,128169,2982,3498
2016-12-26T09:00:02,Macron,128174,2982,3499
2016-12-26T10:00:01,Macron,128183,2982,3500
2016-12-26T11:00:02,Macron,128199,2982,3501
2016-12-26T12:00:01,Macron,128211,2980,3501
2016-12-26T13:00:01,Macron,128228,2980,3502
2016-12-26T14:00:01,Macron,128238,2980,3503
2016-12-26T15:00:01,Macron,128246,2980,3506
2016-12-26T16:00:02,Macron,128266,2980,3508
2016-12-26T17:00:01,Macron,128279,2980,3510
2016-12-26T18:00:02,Macron,128297,2980,3512
2016-12-26T19:00:01,Macron,128318,2980,3511
2016-12-26T20:00:02,Macron,128333,2980,3513
2016-12-26T21:00:01,Macron,128350,2980,3515
2016-12-26T22:00:01,Macron,128371,2980,3520
2016-12-26T23:00:02,Macron,128388,2980,3520
2016-12-27T00:00:01,Macron,128402,2980,3522
2016-12-27T01:00:01,Macron,128408,2980,3522
2016-12-27T02:00:02,Macron,128410,2980,3523
2016-12-27T03:00:01,Macron,128412,2980,3523
2016-12-27T04:00:02,Macron,128414,2980,3523
2016-12-27T05:00:01,Macron,128417,2980,3522
2016-12-27T06:00:01,Macron,128417,2980,3522
2016-12-27T07:00:01,Macron,128418,2980,3522
2016-12-27T08:00:01,Macron,128430,2980,3522
2016-12-27T09:00:01,Macron,128449,2980,3523
2016-12-27T10:00:01,Macron,128472,2980,3523
2016-12-27T11:00:02,Macron,128499,2980,3528
2016-12-27T12:00:01,Macron,128531,2980,3530
2016-12-27T13:00:02,Macron,128571,2979,3530
2016-12-27T14:00:01,Macron,128599,2979,3532
2016-12-27T15:00:02,Macron,128624,2979,3532
2016-12-27T16:00:01,Macron,128651,2979,3536
2016-12-27T17:00:01,Macron,128672,2979,3538
2016-12-27T18:00:02,Macron,128707,2979,3540
2016-12-27T19:00:01,Macron,128740,2979,3542
2016-12-27T20:00:02,Macron,128762,2979,3542
2016-12-27T21:00:01,Macron,128784,2979,3543
2016-12-27T22:00:02,Macron,128796,2979,3545
2016-12-27T23:00:01,Macron,128813,2979,3548
2016-12-28T00:00:02,Macron,128827,2979,3549
2016-12-28T01:00:02,Macron,128839,2979,3550
2016-12-28T02:00:01,Macron,128846,2979,3550
2016-12-28T03:00:01,Macron,128850,2979,3550
2016-12-28T04:00:01,Macron,128851,2979,3550
2016-12-28T05:00:01,Macron,128852,2979,3550
2016-12-28T06:00:02,Macron,128857,2979,3550
2016-12-28T07:00:01,Macron,128860,2979,3551
2016-12-28T08:00:02,Macron,128867,2979,3551
2016-12-28T09:00:02,Macron,128884,2979,3552
2016-12-28T10:00:01,Macron,128901,2979,3552
2016-12-28T11:00:02,Macron,128917,2979,3553
2016-12-28T12:00:01,Macron,128945,2979,3557
2016-12-28T13:00:02,Macron,128968,2979,3560
2016-12-28T14:00:01,Macron,128989,2979,3561
2016-12-28T15:00:02,Macron,129012,2979,3565
2016-12-28T16:00:01,Macron,129040,2979,3568
2016-12-28T17:00:02,Macron,129058,2979,3569
2016-12-28T18:00:01,Macron,129081,2979,3571
2016-12-28T19:00:02,Macron,129104,2979,3580
2016-12-28T20:00:01,Macron,129134,2979,3582
2016-12-28T21:00:02,Macron,129151,2979,3587
2016-12-28T22:00:01,Macron,129172,2979,3591
2016-12-28T23:00:02,Macron,129189,2979,3593
2016-12-29T00:00:01,Macron,129200,2979,3594
2016-12-29T01:00:02,Macron,129215,2979,3594
2016-12-29T02:00:01,Macron,129220,2979,3594
2016-12-29T03:00:02,Macron,129222,2979,3594
2016-12-29T04:00:01,Macron,129224,2979,3594
2016-12-29T05:00:02,Macron,129224,2979,3594
2016-12-29T06:00:01,Macron,129225,2979,3594
2016-12-29T07:00:02,Macron,129231,2979,3594
2016-12-29T08:00:01,Macron,129233,2979,3595
2016-12-29T09:00:02,Macron,129241,2979,3595
2016-12-29T10:00:01,Macron,129254,2979,3596
2016-12-29T11:00:01,Macron,129271,2979,3598
2016-12-29T12:00:01,Macron,129294,2979,3604
2016-12-29T13:00:01,Macron,129310,2980,3606
2016-12-29T14:00:02,Macron,129328,2980,3612
2016-12-29T15:00:02,Macron,129344,2981,3613
2016-12-29T16:00:01,Macron,129361,2981,3618
2016-12-29T17:00:03,Macron,129386,2981,3621
2016-12-29T18:00:01,Macron,129403,2981,3625
2016-12-29T19:00:01,Macron,129421,2981,3627
2016-12-29T20:00:01,Macron,129430,2981,3630
2016-12-29T21:00:01,Macron,129444,2981,3632
2016-12-29T22:00:02,Macron,129453,2982,3636
2016-12-29T23:00:01,Macron,129472,2982,3639
2016-12-30T00:00:02,Macron,129483,2982,3639
2016-12-30T01:00:01,Macron,129489,2982,3646
2016-12-30T02:00:01,Macron,129497,2982,3646
2016-12-30T03:00:01,Macron,129499,2982,3646
2016-12-30T04:00:02,Macron,129500,2982,3646
2016-12-30T05:00:01,Macron,129501,2982,3646
2016-12-30T06:00:02,Macron,129501,2982,3646
2016-12-30T07:00:01,Macron,129502,2982,3646
2016-12-30T08:00:02,Macron,129506,2982,3647
2016-12-30T09:00:01,Macron,129523,2982,3647
2016-12-30T10:00:02,Macron,129538,2978,3647
2016-12-30T11:00:01,Macron,129553,2974,3648
2016-12-30T12:00:02,Macron,129575,2974,3651
2016-12-30T13:00:01,Macron,129581,2973,3652
2016-12-30T14:00:02,Macron,129596,2971,3654
2016-12-30T15:00:01,Macron,129619,2971,3656
2016-12-30T16:00:02,Macron,129644,2993,3656
2016-12-30T17:00:01,Macron,129662,2993,3656
2016-12-30T18:00:02,Macron,129678,2993,3657
2016-12-30T19:00:01,Macron,129710,2990,3653
2016-12-30T20:00:02,Macron,129729,2988,3652
2016-12-30T21:00:02,Macron,129752,2988,3652
2016-12-30T22:00:01,Macron,129770,2988,3653
2016-12-30T23:00:02,Macron,129789,2988,3654
2016-12-31T00:00:01,Macron,129804,2988,3656
2016-12-31T01:00:01,Macron,129813,2988,3656
2016-12-31T02:00:02,Macron,129815,2988,3656
2016-12-31T03:00:01,Macron,129815,2988,3656
2016-12-31T04:00:02,Macron,129817,2988,3656
2016-12-31T05:00:01,Macron,129819,2988,3656
2016-12-31T06:00:01,Macron,129820,2988,3656
2016-12-31T07:00:01,Macron,129822,2988,3656
2016-12-31T08:00:02,Macron,129827,2988,3656
2016-12-31T09:00:01,Macron,129838,2988,3656
2016-12-31T10:00:02,Macron,129856,2988,3658
2016-12-31T11:00:01,Macron,129867,2988,3657
2016-12-31T12:00:02,Macron,129885,2988,3658
2016-12-31T13:00:01,Macron,129902,2988,3661
2016-12-31T14:00:02,Macron,129909,2988,3662
2016-12-31T15:00:01,Macron,129923,2988,3666
2016-12-31T16:00:01,Macron,129936,2988,3667
2016-12-31T17:00:01,Macron,129959,2988,3672
2016-12-31T18:00:01,Macron,129990,2988,3674
2016-12-31T19:00:02,Macron,130022,2988,3675
2016-12-31T20:00:01,Macron,130044,2988,3676
2016-12-31T21:00:02,Macron,130059,2988,3677
2016-12-31T22:00:01,Macron,130068,2988,3677
2016-12-31T23:00:02,Macron,130077,2988,3677
2017-01-01T00:00:01,Macron,130083,2988,3677
2017-01-01T01:00:01,Macron,130090,2988,3677
2017-01-01T02:00:02,Macron,130091,2988,3677
2017-01-01T03:00:01,Macron,130094,2988,3677
2017-01-01T04:00:01,Macron,130096,2988,3677
2017-01-01T05:00:02,Macron,130098,2988,3677
2017-01-01T06:00:01,Macron,130099,2988,3677
2017-01-01T07:00:01,Macron,130100,2988,3677
2017-01-01T08:00:02,Macron,130101,2988,3677
2017-01-01T09:00:01,Macron,130109,2988,3677
2017-01-01T10:00:02,Macron,130114,2988,3679
2017-01-01T11:00:01,Macron,130124,2988,3680
2017-01-01T12:00:02,Macron,130140,2988,3681
2017-01-01T13:00:01,Macron,130148,2988,3681
2017-01-01T14:00:01,Macron,130162,2988,3681
2017-01-01T15:00:01,Macron,130176,2988,3682
2017-01-01T16:00:01,Macron,130184,2992,3683
2017-01-01T17:00:02,Macron,130199,2992,3685
2017-01-01T18:00:01,Macron,130219,2992,3689
2017-01-01T19:00:02,Macron,130237,2992,3692
2017-01-01T20:00:02,Macron,130262,2992,3696
2017-01-01T21:00:01,Macron,130286,2992,3698
2017-01-01T22:00:02,Macron,130301,2992,3698
2017-01-01T23:00:01,Macron,130315,2992,3700
2017-01-02T00:00:02,Macron,130344,2992,3701
2017-01-02T01:00:02,Macron,130354,2992,3702
2017-01-02T02:00:01,Macron,130357,2992,3702
2017-01-02T03:00:02,Macron,130359,2992,3702
2017-01-02T04:00:01,Macron,130360,2992,3702
2017-01-02T05:00:02,Macron,130362,2992,3702
2017-01-02T06:00:01,Macron,130362,2992,3702
2017-01-02T07:00:01,Macron,130363,2992,3702
2017-01-02T08:00:02,Macron,130367,2992,3702
2017-01-02T09:00:01,Macron,130373,2992,3703
2017-01-02T10:00:02,Macron,130389,2992,3704
2017-01-02T11:00:01,Macron,130413,2992,3711
2017-01-02T12:00:02,Macron,130434,2995,3716
2017-01-02T13:00:01,Macron,130447,2995,3726
2017-01-02T14:00:02,Macron,130465,2995,3728
2017-01-02T15:00:01,Macron,130483,2996,3734
2017-01-02T16:00:02,Macron,130515,2996,3740
2017-01-02T17:00:02,Macron,130540,2996,3746
2017-01-02T18:00:01,Macron,130562,2996,3748
2017-01-02T19:00:02,Macron,130586,2996,3751
2017-01-02T20:00:02,Macron,130626,2996,3754
2017-01-02T21:00:02,Macron,130643,2996,3759
2017-01-02T22:00:02,Macron,130663,2996,3764
2017-01-02T23:00:01,Macron,130691,2996,3773
2017-01-03T00:00:02,Macron,130713,2996,3778
2017-01-03T01:00:01,Macron,130723,2996,3778
2017-01-03T02:00:02,Macron,130725,2996,3779
2017-01-03T03:00:01,Macron,130727,2996,3780
2017-01-03T04:00:02,Macron,130728,2996,3780
2017-01-03T05:00:01,Macron,130729,2996,3780
2017-01-03T06:00:02,Macron,130732,2996,3780
2017-01-03T07:00:01,Macron,130735,2996,3781
2017-01-03T08:00:02,Macron,130739,2996,3782
2017-01-03T09:00:01,Macron,130751,2996,3782
2017-01-03T10:00:04,Macron,130776,2995,3785
2017-01-03T11:00:01,Macron,130800,2997,3790
2017-01-03T12:00:02,Macron,130810,2997,3791
2017-01-03T13:00:01,Macron,130836,2997,3795
2017-01-03T14:00:02,Macron,130849,2996,3809
2017-01-03T15:00:01,Macron,130878,2997,3812
2017-01-03T16:00:02,Macron,130900,2997,3814
2017-01-03T17:00:02,Macron,130925,2997,3815
2017-01-03T18:00:01,Macron,130960,2997,3818
2017-01-03T19:00:02,Macron,131028,2997,3830
2017-01-03T20:00:01,Macron,131079,2998,3836
2017-01-03T21:00:02,Macron,131144,2998,3841
2017-01-03T22:00:01,Macron,131239,2998,3846
2017-01-03T23:00:01,Macron,131294,2998,3851
2017-01-04T00:00:02,Macron,131343,2998,3855
2017-01-04T01:00:01,Macron,131354,2998,3857
2017-01-04T02:00:02,Macron,131362,2998,3857
2017-01-04T03:00:01,Macron,131363,2998,3857
2017-01-04T04:00:02,Macron,131363,2998,3857
2017-01-04T05:00:01,Macron,131373,2998,3858
2017-01-04T06:00:01,Macron,131379,2998,3858
2017-01-04T07:00:01,Macron,131388,2998,3858
2017-01-04T08:00:01,Macron,131404,2998,3858
2017-01-04T09:00:01,Macron,131424,2998,3858
2017-01-04T10:00:01,Macron,131460,2994,3861
2017-01-04T11:00:02,Macron,131495,2994,3865
2017-01-04T12:00:01,Macron,131523,2995,3869
2017-01-04T13:00:02,Macron,131549,2994,3871
2017-01-04T14:00:02,Macron,131576,2994,3871
2017-01-04T15:00:01,Macron,131606,2995,3877
2017-01-04T16:00:02,Macron,131627,2993,3880
2017-01-04T17:00:02,Macron,131648,2995,3881
2017-01-04T18:00:02,Macron,131664,2995,3883
2017-01-04T19:00:01,Macron,131695,2995,3887
2017-01-04T20:00:02,Macron,131728,2995,3896
2017-01-04T21:00:02,Macron,131749,2995,3904
2017-01-04T22:00:01,Macron,131774,2995,3912
2017-01-04T23:00:02,Macron,131794,2995,3918
2017-01-05T00:00:01,Macron,131821,2995,3924
2017-01-05T01:00:02,Macron,131832,2995,3929
2017-01-05T02:00:01,Macron,131833,2995,3929
2017-01-05T03:00:02,Macron,131837,2995,3928
2017-01-05T04:00:01,Macron,131837,2995,3928
2017-01-05T05:00:02,Macron,131841,2995,3928
2017-01-05T06:00:01,Macron,131844,2995,3928
2017-01-05T07:00:02,Macron,131846,2995,3929
2017-01-05T08:00:01,Macron,131852,2995,3930
2017-01-05T09:00:02,Macron,131858,2995,3936
2017-01-05T10:00:01,Macron,131877,2995,3941
2017-01-05T11:00:02,Macron,131898,2993,3946
2017-01-05T12:00:01,Macron,131922,2993,3950
2017-01-05T13:00:02,Macron,131942,2992,3956
2017-01-05T14:00:02,Macron,131954,2992,3966
2017-01-05T15:00:01,Macron,131977,2992,3967
2017-01-05T16:00:02,Macron,132000,2992,3970
2017-01-05T17:00:03,Macron,132016,2993,3971
2017-01-05T18:00:01,Macron,132047,2992,3976
2017-01-05T19:00:02,Macron,132095,2992,3981
2017-01-05T20:00:01,Macron,132132,2993,3981
2017-01-05T21:00:02,Macron,132160,2993,3984
2017-01-05T22:00:01,Macron,132183,2993,3990
2017-01-05T23:00:02,Macron,132211,2993,4004
2017-01-06T00:00:01,Macron,132514,2993,4009
2017-01-06T01:00:02,Macron,132564,2993,4011
2017-01-06T02:00:01,Macron,132573,2993,4011
2017-01-06T03:00:02,Macron,132579,2993,4011
2017-01-06T04:00:01,Macron,132583,2993,4017
2017-01-06T05:00:02,Macron,132590,2993,4017
2017-01-06T06:00:01,Macron,132591,2993,4017
2017-01-06T07:00:02,Macron,132597,2993,4018
2017-01-06T08:00:01,Macron,132607,2993,4018
2017-01-06T09:00:02,Macron,132623,2993,4022
2017-01-06T10:00:01,Macron,132648,2993,4023
2017-01-06T11:00:02,Macron,132681,2992,4035
2017-01-06T12:00:01,Macron,132728,2992,4036
2017-01-06T13:00:02,Macron,132759,2993,4044
2017-01-06T14:00:01,Macron,132788,2993,4051
2017-01-06T15:00:02,Macron,132823,2994,4053
2017-01-06T16:00:01,Macron,132856,2994,4058
2017-01-06T17:00:02,Macron,132885,2995,4064
2017-01-06T18:00:02,Macron,132927,2995,4070
2017-01-06T19:00:02,Macron,133018,2995,4075
2017-01-06T20:00:02,Macron,133082,2996,4084
2017-01-06T21:00:01,Macron,133127,2996,4089
2017-01-06T22:00:01,Macron,133179,2996,4103
2017-01-06T23:00:02,Macron,133223,2996,4106
2017-01-07T00:00:01,Macron,133284,2996,4110
2017-01-07T01:00:01,Macron,133315,2996,4113
2017-01-07T02:00:02,Macron,133325,2996,4114
2017-01-07T03:00:01,Macron,133328,2996,4114
2017-01-07T04:00:01,Macron,133337,2996,4114
2017-01-07T05:00:02,Macron,133340,2996,4114
2017-01-07T06:00:01,Macron,133342,2996,4114
2017-01-07T07:00:02,Macron,133352,2996,4114
2017-01-07T08:00:01,Macron,133367,2996,4114
2017-01-07T09:00:02,Macron,133404,2996,4114
2017-01-07T10:00:01,Macron,133454,2996,4115
2017-01-07T11:00:02,Macron,133511,2996,4116
2017-01-07T12:00:02,Macron,133580,2997,4120
2017-01-07T13:00:01,Macron,133669,2997,4122
2017-01-07T14:00:01,Macron,133721,3008,4126
2017-01-07T15:00:02,Macron,133788,3138,4129
2017-01-07T16:00:01,Macron,133861,3141,4132
2017-01-07T17:00:03,Macron,133926,3141,4137
2017-01-07T18:00:01,Macron,134020,3144,4141
2017-01-07T19:00:02,Macron,134085,3144,4155
2017-01-07T20:00:01,Macron,134150,3145,4161
2017-01-07T21:00:02,Macron,134213,3145,4162
2017-01-07T22:00:01,Macron,134265,3146,4167
2017-01-07T23:00:02,Macron,134315,3146,4170
2017-01-08T00:00:02,Macron,134352,3146,4171
2017-01-08T01:00:01,Macron,134373,3146,4173
2017-01-08T02:00:02,Macron,134382,3146,4173
2017-01-08T03:00:01,Macron,134395,3146,4174
2017-01-08T04:00:02,Macron,134404,3146,4174
2017-01-08T05:00:01,Macron,134411,3146,4174
2017-01-08T06:00:02,Macron,134412,3146,4174
2017-01-08T07:00:02,Macron,134417,3146,4174
2017-01-08T08:00:01,Macron,134427,3146,4175
2017-01-08T09:00:01,Macron,134454,3146,4175
2017-01-08T10:00:01,Macron,134499,3146,4173
2017-01-08T11:00:02,Macron,134540,3146,4177
2017-01-08T12:00:01,Macron,134607,3146,4180
2017-01-08T13:00:01,Macron,134667,3146,4183
2017-01-08T14:00:02,Macron,134726,3146,4191
2017-01-08T15:00:02,Macron,134796,3146,4191
2017-01-08T16:00:01,Macron,134852,3146,4196
2017-01-08T17:00:03,Macron,134899,3146,4204
2017-01-08T18:00:02,Macron,134947,3146,4213
2017-01-08T19:00:01,Macron,135019,3145,4218
2017-01-08T20:00:05,Macron,135110,3145,4236
2017-01-08T21:00:02,Macron,135221,3145,4241
2017-01-08T22:00:02,Macron,135285,3145,4249
2017-01-08T23:00:01,Macron,135332,3145,4258
2017-01-09T00:00:02,Macron,135358,3145,4264
2017-01-09T01:00:02,Macron,135381,3145,4266
2017-01-09T02:00:01,Macron,135389,3145,4268
2017-01-09T03:00:01,Macron,135397,3145,4268
2017-01-09T04:00:02,Macron,135399,3145,4269
2017-01-09T05:00:01,Macron,135400,3145,4269
2017-01-09T06:00:02,Macron,135404,3145,4269
2017-01-09T07:00:01,Macron,135406,3145,4269
2017-01-09T08:00:02,Macron,135421,3145,4270
2017-01-09T09:00:01,Macron,135433,3145,4270
2017-01-09T10:00:02,Macron,135461,3145,4272
2017-01-09T11:00:01,Macron,135505,3143,4275
2017-01-09T12:00:02,Macron,135553,3143,4285
2017-01-09T13:00:01,Macron,135592,3143,4282
2017-01-09T14:00:02,Macron,135627,3143,4287
2017-01-09T15:00:01,Macron,135666,3142,4290
2017-01-09T16:00:02,Macron,135706,3142,4294
2017-01-09T17:00:01,Macron,135738,3140,4301
2017-01-09T18:00:02,Macron,135761,3139,4308
2017-01-09T19:00:01,Macron,135813,3139,4318
2017-01-09T20:00:02,Macron,135863,3139,4326
2017-01-09T21:00:02,Macron,135975,3140,4331
2017-01-09T22:00:02,Macron,136040,3139,4336
2017-01-09T23:00:02,Macron,136091,3139,4340
2017-01-10T00:00:01,Macron,136139,3138,4346
2017-01-10T01:00:02,Macron,136153,3138,4349
2017-01-10T02:00:01,Macron,136162,3138,4349
2017-01-10T03:00:02,Macron,136165,3138,4349
2017-01-10T04:00:01,Macron,136168,3138,4349
2017-01-10T05:00:02,Macron,136169,3138,4349
2017-01-10T06:00:01,Macron,136172,3138,4349
2017-01-10T07:00:02,Macron,136183,3138,4351
2017-01-10T08:00:01,Macron,136200,3138,4351
2017-01-10T09:00:01,Macron,136229,3138,4357
2017-01-10T10:00:01,Macron,136257,3138,4358
2017-01-10T11:00:01,Macron,136285,3138,4361
2017-01-10T12:00:02,Macron,136338,3138,4365
2017-01-10T13:00:02,Macron,136375,3122,4367
2017-01-10T14:00:02,Macron,136416,3122,4375
2017-01-10T15:00:01,Macron,136455,3122,4383
2017-01-10T16:00:01,Macron,136490,3121,4389
2017-01-10T17:00:01,Macron,136524,3121,4395
2017-01-10T18:00:02,Macron,136564,3122,4400
2017-01-10T19:00:02,Macron,136610,3123,4405
2017-01-10T20:00:01,Macron,136648,3123,4410
2017-01-10T21:00:03,Macron,136704,3123,4416
2017-01-10T22:00:02,Macron,136752,3123,4423
2017-01-10T23:00:01,Macron,136813,3123,4427
2017-01-11T00:00:01,Macron,136849,3123,4430
2017-01-11T01:00:02,Macron,136870,3123,4429
2017-01-11T02:00:01,Macron,136876,3123,4430
2017-01-11T03:00:02,Macron,136881,3123,4431
2017-01-11T04:00:01,Macron,136884,3123,4432
2017-01-11T05:00:02,Macron,136886,3123,4432
2017-01-11T06:00:01,Macron,136889,3123,4432
2017-01-11T07:00:01,Macron,136896,3123,4432
2017-01-11T08:00:02,Macron,136909,3123,4435
2017-01-11T09:00:01,Macron,136932,3123,4440
2017-01-11T10:00:02,Macron,136959,3125,4446
2017-01-11T11:00:01,Macron,137024,3125,4452
2017-01-11T12:00:02,Macron,137104,3126,4458
2017-01-11T13:00:01,Macron,137174,3126,4463
2017-01-11T14:00:02,Macron,137256,3126,4471
2017-01-11T15:00:02,Macron,137351,3164,4479
2017-01-11T16:00:02,Macron,137423,3164,4488
2017-01-11T17:00:02,Macron,137500,3164,4493
2017-01-11T18:00:01,Macron,137555,3164,4502
2017-01-11T19:00:02,Macron,137625,3164,4510
2017-01-11T20:00:01,Macron,137684,3164,4522
2017-01-11T21:00:02,Macron,137753,3164,4526
2017-01-11T22:00:02,Macron,137815,3164,4536
2017-01-11T23:00:01,Macron,137871,3164,4542
2017-01-12T00:00:02,Macron,137912,3164,4545
2017-01-12T01:00:01,Macron,137935,3164,4547
2017-01-12T02:00:02,Macron,137947,3164,4549
2017-01-12T03:00:01,Macron,137955,3164,4550
2017-01-12T04:00:02,Macron,137961,3164,4550
2017-01-12T05:00:01,Macron,137963,3164,4550
2017-01-12T06:00:01,Macron,137968,3164,4551
2017-01-12T07:00:01,Macron,137978,3164,4551
2017-01-12T08:00:02,Macron,138002,3164,4552
2017-01-12T09:00:01,Macron,138029,3164,4555
2017-01-12T10:00:02,Macron,138073,3164,4558
2017-01-12T11:00:01,Macron,138127,3166,4564
2017-01-12T12:00:02,Macron,138175,3166,4571
2017-01-12T13:00:03,Macron,138220,3168,4580
2017-01-12T14:00:02,Macron,138278,3168,4586
2017-01-12T15:00:01,Macron,138318,3168,4592
2017-01-12T16:00:02,Macron,138361,3168,4597
2017-01-12T17:00:01,Macron,138409,3168,4597
2017-01-12T18:00:02,Macron,138463,3167,4604
2017-01-12T19:00:02,Macron,138512,3167,4614
2017-01-12T20:00:02,Macron,138560,3167,4619
2017-01-12T21:00:02,Macron,138613,3167,4622
2017-01-12T22:00:02,Macron,138654,3167,4626
2017-01-12T23:00:02,Macron,138708,3168,4630
2017-01-13T00:00:01,Macron,138747,3168,4635
2017-01-13T01:00:02,Macron,138768,3168,4638
2017-01-13T02:00:01,Macron,138776,3168,4639
2017-01-13T03:00:02,Macron,138781,3168,4641
2017-01-13T04:00:01,Macron,138785,3168,4642
2017-01-13T05:00:02,Macron,138788,3168,4642
2017-01-13T06:00:01,Macron,138789,3168,4642
2017-01-13T07:00:02,Macron,138797,3168,4642
2017-01-13T08:00:01,Macron,138810,3168,4643
2017-01-13T09:00:02,Macron,138830,3168,4645
2017-01-13T10:00:01,Macron,138866,3167,4648
2017-01-13T11:00:02,Macron,138909,3168,4657
2017-01-13T12:00:02,Macron,138940,3169,4663
2017-01-13T13:00:01,Macron,138981,3169,4672
2017-01-13T14:00:01,Macron,139017,3168,4675
2017-01-13T15:00:02,Macron,139065,3169,4682
2017-01-13T16:00:02,Macron,139100,3169,4683
2017-01-13T17:00:02,Macron,139147,3171,4685
2017-01-13T18:00:01,Macron,139186,3171,4687
2017-01-13T19:00:04,Macron,139233,3172,4690
2017-01-13T20:00:02,Macron,139280,3172,4692
2017-01-13T21:00:01,Macron,139365,3172,4695
2017-01-13T22:00:02,Macron,139415,3172,4708
2017-01-13T23:00:02,Macron,139446,3172,4718
2017-01-14T00:00:01,Macron,139489,3172,4724
2017-01-14T01:00:01,Macron,139514,3172,4728
2017-01-14T02:00:01,Macron,139524,3172,4729
2017-01-14T03:00:02,Macron,139528,3172,4729
2017-01-14T04:00:01,Macron,139531,3172,4730
2017-01-14T05:00:02,Macron,139535,3172,4730
2017-01-14T06:00:01,Macron,139536,3172,4730
2017-01-14T07:00:01,Macron,139543,3172,4731
2017-01-14T08:00:02,Macron,139558,3172,4731
2017-01-14T09:00:01,Macron,139595,3172,4733
2017-01-14T10:00:02,Macron,139633,3172,4736
2017-01-14T11:00:01,Macron,139683,3172,4745
2017-01-14T12:00:01,Macron,139738,3172,4747
2017-01-14T13:00:02,Macron,139795,3172,4752
2017-01-14T14:00:02,Macron,139863,3172,4758
2017-01-14T15:00:01,Macron,139914,3172,4763
2017-01-14T16:00:02,Macron,139981,3172,4766
2017-01-14T17:00:01,Macron,140050,3182,4770
2017-01-14T18:00:04,Macron,140158,3294,4773
2017-01-14T19:00:02,Macron,140333,3293,4785
2017-01-14T20:00:02,Macron,140496,3293,4785
2017-01-14T21:00:02,Macron,140635,3293,4795
2017-01-14T22:00:02,Macron,140724,3293,4801
2017-01-14T23:00:01,Macron,140796,3292,4804
2017-01-15T00:00:02,Macron,140848,3292,4804
2017-01-15T01:00:01,Macron,140888,3292,4804
2017-01-15T02:00:02,Macron,140897,3292,4805
2017-01-15T03:00:01,Macron,140905,3292,4805
2017-01-15T04:00:02,Macron,140911,3292,4805
2017-01-15T05:00:01,Macron,140917,3292,4805
2017-01-15T06:00:01,Macron,140922,3292,4805
2017-01-15T07:00:01,Macron,140930,3292,4806
2017-01-15T08:00:02,Macron,140946,3292,4806
2017-01-15T09:00:01,Macron,140981,3292,4806
2017-01-15T10:00:02,Macron,141038,3292,4807
2017-01-15T11:00:01,Macron,141136,3292,4810
2017-01-15T12:00:03,Macron,141226,3292,4815
2017-01-15T13:00:02,Macron,141325,3292,4820
2017-01-15T14:00:02,Macron,141409,3292,4822
2017-01-15T15:00:01,Macron,141517,3292,4825
2017-01-15T16:00:02,Macron,141601,3292,4828
2017-01-15T17:00:01,Macron,141668,3292,4831
2017-01-15T18:00:02,Macron,141752,3292,4838
2017-01-15T19:00:01,Macron,141834,3292,4846
2017-01-15T20:00:01,Macron,141971,3292,4852
2017-01-15T21:00:02,Macron,142120,3292,4859
2017-01-15T22:00:02,Macron,142202,3292,4862
2017-01-15T23:00:04,Macron,142266,3292,4871
2017-01-16T00:00:01,Macron,142313,3292,4875
2017-01-16T01:00:01,Macron,142329,3292,4880
2017-01-16T02:00:02,Macron,142357,3292,4882
2017-01-16T03:00:01,Macron,142370,3292,4882
2017-01-16T04:00:01,Macron,142376,3292,4882
2017-01-16T05:00:02,Macron,142380,3292,4883
2017-01-16T06:00:01,Macron,142382,3292,4883
2017-01-16T07:00:01,Macron,142397,3292,4883
2017-01-16T08:00:02,Macron,142420,3292,4883
2017-01-16T09:00:01,Macron,142457,3292,4885
2017-01-16T10:00:04,Macron,142521,3293,4889
2017-01-16T11:00:05,Macron,142580,3290,4899
2017-01-16T12:00:02,Macron,142643,3292,4905
2017-01-16T13:00:01,Macron,142715,3292,4911
2017-01-16T14:00:02,Macron,142796,3292,4916
2017-01-16T15:00:02,Macron,142859,3291,4922
2017-01-16T16:00:02,Macron,142942,3293,4927
2017-01-16T17:00:02,Macron,142994,3294,4933
2017-01-16T18:00:04,Macron,143076,3294,4939
2017-01-16T19:00:02,Macron,143231,3294,4947
2017-01-16T20:00:01,Macron,143348,3295,4950
2017-01-16T21:00:02,Macron,143473,3295,4951
2017-01-16T22:00:04,Macron,143581,3295,4958
2017-01-16T23:00:01,Macron,143681,3295,4967
2017-01-17T00:00:01,Macron,143860,3295,4971
2017-01-17T01:00:01,Macron,143906,3295,4975
2017-01-17T02:00:02,Macron,143924,3295,4975
2017-01-17T03:00:01,Macron,143938,3295,4975
2017-01-17T04:00:01,Macron,143954,3295,4975
2017-01-17T05:00:01,Macron,143971,3295,4976
2017-01-17T06:00:01,Macron,143981,3295,4977
2017-01-17T07:00:01,Macron,144002,3295,4977
2017-01-17T08:00:02,Macron,144059,3295,4979
2017-01-17T09:00:01,Macron,144137,3297,4984
2017-01-17T10:00:01,Macron,144214,3299,4990
2017-01-17T11:00:02,Macron,144293,3301,5001
2017-01-17T12:00:01,Macron,144375,3301,5010
2017-01-17T13:00:02,Macron,144448,3303,5010
2017-01-17T14:00:01,Macron,144539,3303,5014
2017-01-17T15:00:02,Macron,144602,3303,5023
2017-01-17T16:00:01,Macron,144660,3302,5034
2017-01-17T17:00:02,Macron,144705,3303,5043
2017-01-17T18:00:05,Macron,144767,3304,5046
2017-01-17T19:00:02,Macron,144817,3304,5051
2017-01-17T20:00:02,Macron,144866,3304,5055
2017-01-17T21:00:03,Macron,144936,3306,5065
2017-01-17T22:00:04,Macron,145017,3306,5072
2017-01-17T23:00:02,Macron,145052,3306,5080
2017-01-18T00:00:02,Macron,145092,3307,5092
2017-01-18T01:00:01,Macron,145116,3307,5098
2017-01-18T02:00:01,Macron,145126,3307,5099
2017-01-18T03:00:01,Macron,145134,3307,5099
2017-01-18T04:00:01,Macron,145138,3307,5099
2017-01-18T05:00:02,Macron,145148,3307,5099
2017-01-18T06:00:01,Macron,145153,3307,5101
2017-01-18T07:00:01,Macron,145158,3307,5101
2017-01-18T08:00:02,Macron,145173,3307,5103
2017-01-18T09:00:01,Macron,145211,3307,5106
2017-01-18T10:00:01,Macron,145260,3307,5111
2017-01-18T11:00:01,Macron,145320,3308,5116
2017-01-18T12:00:01,Macron,145389,3307,5129
2017-01-18T13:00:02,Macron,145435,3296,5136
2017-01-18T14:00:01,Macron,145491,3296,5140
2017-01-18T15:00:02,Macron,145530,3295,5144
2017-01-18T16:00:01,Macron,145589,3295,5150
2017-01-18T17:00:01,Macron,145641,3296,5151
2017-01-18T18:00:01,Macron,145701,3296,5161
2017-01-18T19:00:02,Macron,145753,3296,5167
2017-01-18T20:00:01,Macron,145821,3296,5174
2017-01-18T21:00:02,Macron,145911,3296,5177
2017-01-18T22:00:01,Macron,145969,3294,5184
2017-01-18T23:00:02,Macron,146007,3294,5190
2017-01-19T00:00:01,Macron,146039,3294,5191
2017-01-19T01:00:01,Macron,146049,3294,5193
2017-01-19T02:00:01,Macron,146063,3294,5196
2017-01-19T03:00:02,Macron,146070,3294,5196
2017-01-19T04:00:01,Macron,146076,3294,5196
2017-01-19T05:00:02,Macron,146078,3294,5196
2017-01-19T06:00:01,Macron,146082,3294,5196
2017-01-19T07:00:02,Macron,146088,3294,5196
2017-01-19T08:00:01,Macron,146098,3294,5198
2017-01-19T09:00:02,Macron,146123,3293,5202
2017-01-19T10:00:01,Macron,146166,3293,5206
2017-01-19T11:00:02,Macron,146228,3293,5221
2017-01-19T13:00:02,Macron,146624,3295,5242
2017-01-19T14:00:01,Macron,146836,3296,5252
2017-01-19T15:00:03,Macron,147001,3296,5255
2017-01-19T16:00:01,Macron,147161,3297,5263
2017-01-19T17:00:01,Macron,147316,3297,5268
2017-01-19T18:00:02,Macron,147467,3299,5276
2017-01-19T19:00:02,Macron,147632,3301,5291
2017-01-19T20:00:01,Macron,147857,3301,5298
2017-01-19T21:00:02,Macron,148132,3301,5304
2017-01-19T22:00:01,Macron,148340,3301,5313
2017-01-19T23:00:02,Macron,148547,3301,5325
2017-01-20T00:00:01,Macron,148675,3301,5333
2017-01-20T01:00:01,Macron,148749,3301,5340
2017-01-20T02:00:01,Macron,148783,3301,5342
2017-01-20T03:00:02,Macron,148809,3301,5342
2017-01-20T04:00:01,Macron,148834,3301,5342
2017-01-20T05:00:02,Macron,148850,3301,5343
2017-01-20T06:00:01,Macron,148878,3301,5343
2017-01-20T07:00:02,Macron,148916,3301,5344
2017-01-20T08:00:01,Macron,148992,3301,5344
2017-01-20T09:00:21,Macron,149117,3301,5350
2017-01-20T10:00:01,Macron,149237,3304,5365
2017-01-20T11:00:02,Macron,149366,3304,5378
2017-01-20T12:00:01,Macron,149480,3304,5396
2017-01-20T13:00:02,Macron,149579,3306,5407
2017-01-20T14:00:05,Macron,149686,3306,5412
2017-01-20T15:00:01,Macron,149786,3307,5423
2017-01-20T16:00:02,Macron,149863,3309,5429
2017-01-20T17:00:01,Macron,149952,3309,5442
2017-01-20T18:00:02,Macron,150020,3309,5449
2017-01-20T19:00:01,Macron,150108,3309,5458
2017-01-20T20:00:01,Macron,150201,3309,5474
2017-01-20T21:00:02,Macron,150287,3310,5478
2017-01-20T22:00:01,Macron,150353,3310,5489
2017-01-20T23:00:01,Macron,150424,3310,5493
2017-01-21T00:00:02,Macron,150474,3310,5503
2017-01-21T01:00:01,Macron,150513,3310,5503
2017-01-21T02:00:02,Macron,150531,3310,5504
2017-01-21T03:00:02,Macron,150547,3310,5504
2017-01-21T04:00:01,Macron,150554,3310,5504
2017-01-21T05:00:02,Macron,150559,3310,5504
2017-01-21T06:00:01,Macron,150571,3310,5504
2017-01-21T07:00:02,Macron,150584,3310,5504
2017-01-21T08:00:01,Macron,150606,3310,5506
2017-01-21T09:00:02,Macron,150656,3310,5507
2017-01-21T10:00:01,Macron,150726,3310,5515
2017-01-21T11:00:02,Macron,150805,3310,5522
2017-01-21T12:00:01,Macron,150901,3310,5529
2017-01-21T13:00:01,Macron,151041,3309,5531
2017-01-21T14:00:02,Macron,151142,3309,5540
2017-01-21T15:00:01,Macron,151267,3309,5551
2017-01-21T16:00:02,Macron,151358,3309,5561
2017-01-21T17:00:02,Macron,151442,3309,5570
2017-01-21T18:00:01,Macron,151533,3309,5575
2017-01-21T19:00:02,Macron,151652,3309,5595
2017-01-21T20:00:01,Macron,151753,3309,5604
2017-01-21T21:00:02,Macron,151864,3309,5606
2017-01-21T22:00:01,Macron,151949,3309,5610
2017-01-21T23:00:02,Macron,152021,3309,5616
2017-01-22T00:00:02,Macron,152070,3309,5620
2017-01-22T01:00:01,Macron,152102,3309,5621
2017-01-22T02:00:02,Macron,152117,3309,5621
2017-01-22T03:00:01,Macron,152128,3309,5621
2017-01-22T04:00:02,Macron,152137,3309,5621
2017-01-22T05:00:01,Macron,152139,3309,5621
2017-01-22T06:00:01,Macron,152146,3309,5622
2017-01-22T07:00:02,Macron,152154,3309,5624
2017-01-22T08:00:01,Macron,152171,3309,5624
2017-01-22T09:00:02,Macron,152207,3309,5625
2017-01-22T10:00:01,Macron,152296,3309,5626
2017-01-22T11:00:02,Macron,152404,3309,5637
2017-01-22T12:00:01,Macron,152509,3309,5641
2017-01-22T13:00:01,Macron,152596,3309,5645
2017-01-22T14:00:02,Macron,152685,3309,5649
2017-01-22T15:00:02,Macron,152809,3309,5659
2017-01-22T16:00:01,Macron,152917,3309,5669
2017-01-22T17:00:01,Macron,153022,3309,5679
2017-01-22T18:00:03,Macron,153131,3313,5690
2017-01-22T19:00:02,Macron,153249,3378,5704
2017-01-22T20:00:01,Macron,153372,3378,5716
2017-01-22T21:00:02,Macron,153587,3377,5720
2017-01-22T22:00:02,Macron,153797,3372,5726
2017-01-22T23:00:09,Macron,153936,3373,5729
2017-01-23T00:00:02,Macron,154028,3373,5738
2017-01-23T01:00:01,Macron,154080,3373,5746
2017-01-23T02:00:01,Macron,154097,3373,5747
2017-01-23T03:00:02,Macron,154102,3373,5747
2017-01-23T04:00:01,Macron,154112,3373,5752
2017-01-23T05:00:02,Macron,154119,3373,5752
2017-01-23T06:00:01,Macron,154128,3373,5753
2017-01-23T07:00:02,Macron,154147,3373,5754
2017-01-23T08:00:02,Macron,154178,3373,5756
2017-01-23T09:00:01,Macron,154242,3373,5762
2017-01-23T10:00:01,Macron,154333,3373,5766
2017-01-23T11:00:03,Macron,154453,3373,5781
2017-01-23T12:00:01,Macron,154567,3373,5787
2017-01-23T13:00:02,Macron,154654,3373,5795
2017-01-23T14:00:01,Macron,154783,3373,5801
2017-01-23T15:00:02,Macron,154908,3373,5808
2017-01-23T16:00:02,Macron,154996,3373,5816
2017-01-23T17:00:02,Macron,155072,3373,5825
2017-01-23T18:00:07,Macron,155157,3374,5831
2017-01-23T19:00:02,Macron,155279,3374,5840
2017-01-23T20:00:01,Macron,155457,3375,5848
2017-01-23T21:00:01,Macron,155571,3376,5856
2017-01-23T22:00:02,Macron,155690,3376,5861
2017-01-23T23:00:02,Macron,155791,3377,5872
2017-01-24T00:00:02,Macron,155927,3377,5880
2017-01-24T01:00:01,Macron,155962,3377,5884
2017-01-24T02:00:02,Macron,155973,3377,5884
2017-01-24T03:00:01,Macron,155977,3377,5884
2017-01-24T04:00:02,Macron,155988,3377,5886
2017-01-24T05:00:01,Macron,155997,3377,5887
2017-01-24T06:00:02,Macron,156000,3377,5887
2017-01-24T07:00:01,Macron,156021,3377,5888
2017-01-24T09:00:02,Macron,156118,3377,5898
2017-01-24T10:00:02,Macron,156192,3377,5907
2017-01-24T11:00:02,Macron,156264,3377,5915
2017-01-24T12:00:06,Macron,156344,3379,5923
2017-01-24T13:00:04,Macron,156417,3381,5937
2017-01-24T14:00:05,Macron,156511,3381,5948
2017-01-24T15:00:02,Macron,156580,3381,5955
2017-01-24T16:00:02,Macron,156659,3381,5963
2017-01-24T17:00:02,Macron,156722,3380,5972
2017-01-24T18:00:01,Macron,156807,3458,5980
2017-01-24T19:00:02,Macron,156907,3458,5991
2017-01-24T20:00:01,Macron,156983,3458,6004
2017-01-24T21:00:01,Macron,157052,3458,6012
2017-01-24T22:00:01,Macron,157121,3458,6021
2017-01-24T23:00:03,Macron,157196,3458,6032
2017-01-25T00:00:01,Macron,157246,3458,6039
2017-01-25T01:00:01,Macron,157279,3458,6042
2017-01-25T02:00:02,Macron,157293,3458,6042
2017-01-25T03:00:01,Macron,157303,3458,6042
2017-01-25T04:00:02,Macron,157308,3458,6042
2017-01-25T05:00:02,Macron,157311,3458,6042
2017-01-25T06:00:01,Macron,157314,3458,6042
2017-01-25T07:00:01,Macron,157324,3458,6042
2017-01-25T08:00:01,Macron,157347,3458,6044
2017-01-25T09:00:02,Macron,157378,3458,6048
2017-01-25T10:00:01,Macron,157433,3458,6055
2017-01-25T11:00:02,Macron,157493,3458,6069
2017-01-25T12:00:01,Macron,157572,3458,6085
2017-01-25T13:00:02,Macron,157635,3456,6087
2017-01-25T14:00:01,Macron,157706,3457,6101
2017-01-25T15:00:02,Macron,157771,3457,6106
2017-01-25T16:00:01,Macron,157829,3457,6118
2017-01-25T17:00:22,Macron,157890,3457,6126
2017-01-25T18:00:02,Macron,157974,3457,6128
2017-01-25T19:00:01,Macron,158050,3455,6132
2017-01-25T20:00:03,Macron,158123,3455,6137
2017-01-25T21:00:02,Macron,158192,3455,6155
2017-01-25T22:00:01,Macron,158270,3455,6163
2017-01-25T23:00:02,Macron,158335,3455,6177
2017-01-26T00:00:01,Macron,158384,3455,6192
2017-01-26T01:00:01,Macron,158409,3455,6196
2017-01-26T02:00:02,Macron,158419,3455,6198
2017-01-26T03:00:01,Macron,158423,3455,6198
2017-01-26T04:00:01,Macron,158426,3455,6200
2017-01-26T05:00:02,Macron,158427,3455,6200
2017-01-26T06:00:01,Macron,158434,3455,6200
2017-01-26T07:00:02,Macron,158446,3455,6200
2017-01-26T08:00:01,Macron,158469,3455,6205
2017-01-26T09:00:01,Macron,158500,3455,6210
2017-01-26T10:00:01,Macron,158544,3455,6213
2017-01-26T11:00:02,Macron,158593,3456,6223
2017-01-26T12:00:01,Macron,158654,3456,6241
2017-01-26T13:00:02,Macron,158697,3455,6243
2017-01-26T14:00:01,Macron,158743,3455,6252
2017-01-26T15:00:02,Macron,158791,3455,6256
2017-01-26T16:00:02,Macron,158835,3457,6264
2017-01-26T17:00:01,Macron,158883,3459,6269
2017-01-26T18:00:03,Macron,158976,3462,6283
2017-01-26T19:00:02,Macron,159055,3462,6297
2017-01-26T20:00:02,Macron,159180,3463,6306
2017-01-26T21:00:01,Macron,159282,3462,6310
2017-01-26T22:00:15,Macron,159340,3463,6319
2017-01-26T23:00:01,Macron,159406,3463,6336
2017-01-27T00:00:02,Macron,159454,3463,6343
2017-01-27T01:00:02,Macron,159476,3463,6349
2017-01-27T02:00:01,Macron,159496,3463,6350
2017-01-27T03:00:02,Macron,159502,3463,6351
2017-01-27T04:00:01,Macron,159504,3463,6351
2017-01-27T05:00:02,Macron,159511,3463,6351
2017-01-27T06:00:01,Macron,159516,3463,6351
2017-01-27T07:00:02,Macron,159525,3463,6351
2017-01-27T08:00:01,Macron,159548,3463,6356
2017-01-27T09:00:01,Macron,159594,3463,6360
2017-01-27T10:00:02,Macron,159654,3463,6369
2017-01-27T11:00:03,Macron,159704,3468,6372
2017-01-27T12:00:02,Macron,159888,3468,6378
2017-01-27T13:00:02,Macron,160111,3469,6385
2017-01-27T14:00:02,Macron,160254,3469,6392
2017-01-27T15:00:01,Macron,160384,3469,6399
2017-01-27T16:00:02,Macron,160474,3469,6406
2017-01-27T17:00:01,Macron,160583,3490,6413
2017-01-27T18:00:02,Macron,160666,3490,6425
2017-01-27T19:00:01,Macron,160779,3489,6442
2017-01-27T20:00:02,Macron,160856,3489,6445
2017-01-27T21:00:02,Macron,160942,3489,6448
2017-01-27T22:00:01,Macron,161012,3489,6454
2017-01-27T23:00:02,Macron,161061,3489,6460
2017-01-28T00:00:01,Macron,161107,3489,6463
2017-01-28T01:00:01,Macron,161127,3489,6464
2017-01-28T02:00:01,Macron,161143,3489,6464
2017-01-28T03:00:02,Macron,161153,3489,6465
2017-01-28T04:00:01,Macron,161155,3489,6465
2017-01-28T05:00:02,Macron,161164,3489,6465
2017-01-28T06:00:01,Macron,161168,3489,6465
2017-01-28T07:00:01,Macron,161172,3489,6466
2017-01-28T08:00:01,Macron,161198,3489,6467
2017-01-28T09:00:02,Macron,161246,3489,6469
2017-01-28T10:00:02,Macron,161314,3489,6475
2017-01-28T11:00:01,Macron,161394,3489,6487
2017-01-28T12:00:01,Macron,161463,3488,6492
2017-01-28T13:00:02,Macron,161534,3488,6503
2017-01-28T14:00:01,Macron,161636,3487,6511
2017-01-28T15:00:03,Macron,161752,3486,6519
2017-01-28T16:00:01,Macron,161886,3488,6523
2017-01-28T17:00:02,Macron,162025,3488,6532
2017-01-28T18:00:17,Macron,162153,3743,6537
2017-01-28T19:00:10,Macron,162276,3743,6550
2017-01-28T20:00:01,Macron,162462,3695,6565
2017-01-28T21:00:02,Macron,162608,3695,6577
2017-01-28T22:00:02,Macron,162696,3695,6583
2017-01-28T23:00:01,Macron,162790,3693,6585
2017-01-29T00:00:02,Macron,162863,3693,6589
